Nr.;ProbenID Labor;ProbenID AG;Sorte;Sortiment;Serie;Land ;B-Land;Ort;Ansaatjahr;Erntejahr;NJ;Standort-Hinweis;Sedimentationswert (ml);Korn-Härte (--);Fallzahl Korn (s);Notiz;Beschreibung;Material;Testplan;MAC;Lab Customer,,,,,,,,,,,,,,
1;GK2506941;343686001002019016;Axioma;43686;102;Deutschland;Bayern;Greimersdorf;2024;2025;;;75;63;458;;Nr. 1, ProbenID Labor GK2506941, ProbenID AG 343686001002019016, Sorte Axioma, Sortiment 43686, Serie 102, Land  Deutschland, B-Land Bayern, Ort Greimersdorf, Ansaatjahr 2024, Erntejahr 2025, Sedimentationswert (ml) 75, Korn-Härte (--) 63, Fallzahl Korn (s) 458;RMWHEA01;Raw Materials NIR R Cereals;11550;61063,
2;GK2506942;343686002002019013;Informer;43686;102;Deutschland;Bayern;Greimersdorf;2024;2025;;;72;57;377;;Nr. 2, ProbenID Labor GK2506942, ProbenID AG 343686002002019013, Sorte Informer, Sortiment 43686, Serie 102, Land  Deutschland, B-Land Bayern, Ort Greimersdorf, Ansaatjahr 2024, Erntejahr 2025, Sedimentationswert (ml) 72, Korn-Härte (--) 57, Fallzahl Korn (s) 377;RMWHEA01;Raw Materials NIR R Cereals;11550;61063,
3;GK2506943;343686003002019010;KWS Emerick;43686;102;Deutschland;Bayern;Greimersdorf;2024;2025;;;71;64;417;;Nr. 3, ProbenID Labor GK2506943, ProbenID AG 343686003002019010, Sorte KWS Emerick, Sortiment 43686, Serie 102, Land  Deutschland, B-Land Bayern, Ort Greimersdorf, Ansaatjahr 2024, Erntejahr 2025, Sedimentationswert (ml) 71, Korn-Härte (--) 64, Fallzahl Korn (s) 417;RMWHEA01;Raw Materials NIR R Cereals;11550;61063,
4;GK2506944;343686004002019017;Asory;43686;102;Deutschland;Bayern;Greimersdorf;2024;2025;;;56;62;400;;Nr. 4, ProbenID Labor GK2506944, ProbenID AG 343686004002019017, Sorte Asory, Sortiment 43686, Serie 102, Land  Deutschland, B-Land Bayern, Ort Greimersdorf, Ansaatjahr 2024, Erntejahr 2025, Sedimentationswert (ml) 56, Korn-Härte (--) 62, Fallzahl Korn (s) 400;RMWHEA01;Raw Materials NIR R Cereals;11550;61063,
5;GK2506945;343686005002019014;Campesino;43686;102;Deutschland;Bayern;Greimersdorf;2024;2025;;;55;60;412;;Nr. 5, ProbenID Labor GK2506945, ProbenID AG 343686005002019014, Sorte Campesino, Sortiment 43686, Serie 102, Land  Deutschland, B-Land Bayern, Ort Greimersdorf, Ansaatjahr 2024, Erntejahr 2025, Sedimentationswert (ml) 55, Korn-Härte (--) 60, Fallzahl Korn (s) 412;RMWHEA01;Raw Materials NIR R Cereals;11550;61063,
6;GK2506946;343686006002019011;Foxx;43686;102;Deutschland;Bayern;Greimersdorf;2024;2025;;;65;62;383;;Nr. 6, ProbenID Labor GK2506946, ProbenID AG 343686006002019011, Sorte Foxx, Sortiment 43686, Serie 102, Land  Deutschland, B-Land Bayern, Ort Greimersdorf, Ansaatjahr 2024, Erntejahr 2025, Sedimentationswert (ml) 65, Korn-Härte (--) 62, Fallzahl Korn (s) 383;RMWHEA01;Raw Materials NIR R Cereals;11550;61063,
7;GK2506948;343686007002019018;LG Character;43686;102;Deutschland;Bayern;Greimersdorf;2024;2025;;;65;62;402;;Nr. 7, ProbenID Labor GK2506948, ProbenID AG 343686007002019018, Sorte LG Character, Sortiment 43686, Serie 102, Land  Deutschland, B-Land Bayern, Ort Greimersdorf, Ansaatjahr 2024, Erntejahr 2025, Sedimentationswert (ml) 65, Korn-Härte (--) 62, Fallzahl Korn (s) 402;RMWHEA01;Raw Materials NIR R Cereals;11550;61063,
8;GK2506947;343686008002019015;KWS Keitum;43686;102;Deutschland;Bayern;Greimersdorf;2024;2025;;;43;60;412;;Nr. 8, ProbenID Labor GK2506947, ProbenID AG 343686008002019015, Sorte KWS Keitum, Sortiment 43686, Serie 102, Land  Deutschland, B-Land Bayern, Ort Greimersdorf, Ansaatjahr 2024, Erntejahr 2025, Sedimentationswert (ml) 43, Korn-Härte (--) 60, Fallzahl Korn (s) 412;RMWHEA01;Raw Materials NIR R Cereals;11550;61063,
9;GK2506949;343686009002019012;KWS Donovan;43686;102;Deutschland;Bayern;Greimersdorf;2024;2025;;;61;59;419;;Nr. 9, ProbenID Labor GK2506949, ProbenID AG 343686009002019012, Sorte KWS Donovan, Sortiment 43686, Serie 102, Land  Deutschland, B-Land Bayern, Ort Greimersdorf, Ansaatjahr 2024, Erntejahr 2025, Sedimentationswert (ml) 61, Korn-Härte (--) 59, Fallzahl Korn (s) 419;RMWHEA01;Raw Materials NIR R Cereals;11550;61063,
10;GK2506950;343686010002019018;SU Jonte;43686;102;Deutschland;Bayern;Greimersdorf;2024;2025;;;53;59;437;;Nr. 10, ProbenID Labor GK2506950, ProbenID AG 343686010002019018, Sorte SU Jonte, Sortiment 43686, Serie 102, Land  Deutschland, B-Land Bayern, Ort Greimersdorf, Ansaatjahr 2024, Erntejahr 2025, Sedimentationswert (ml) 53, Korn-Härte (--) 59, Fallzahl Korn (s) 437;RMWHEA01;Raw Materials NIR R Cereals;11550;61063,
11;GK2506951;343686011002019015;Adrenalin;43686;102;Deutschland;Bayern;Greimersdorf;2024;2025;;;63;62;403;;Nr. 11, ProbenID Labor GK2506951, ProbenID AG 343686011002019015, Sorte Adrenalin, Sortiment 43686, Serie 102, Land  Deutschland, B-Land Bayern, Ort Greimersdorf, Ansaatjahr 2024, Erntejahr 2025, Sedimentationswert (ml) 63, Korn-Härte (--) 62, Fallzahl Korn (s) 403;RMWHEA01;Raw Materials NIR R Cereals;11550;61063,
12;GK2506991;343686012002019012;LG Optimist;43686;102;Deutschland;Bayern;Greimersdorf;2024;2025;;;65;62;435;;Nr. 12, ProbenID Labor GK2506991, ProbenID AG 343686012002019012, Sorte LG Optimist, Sortiment 43686, Serie 102, Land  Deutschland, B-Land Bayern, Ort Greimersdorf, Ansaatjahr 2024, Erntejahr 2025, Sedimentationswert (ml) 65, Korn-Härte (--) 62, Fallzahl Korn (s) 435;RMWHEA01;Raw Materials NIR R Cereals;11550;61063,
13;GK2506952;343686013002019019;RGT Kreation;43686;102;Deutschland;Bayern;Greimersdorf;2024;2025;;;67;55;441;;Nr. 13, ProbenID Labor GK2506952, ProbenID AG 343686013002019019, Sorte RGT Kreation, Sortiment 43686, Serie 102, Land  Deutschland, B-Land Bayern, Ort Greimersdorf, Ansaatjahr 2024, Erntejahr 2025, Sedimentationswert (ml) 67, Korn-Härte (--) 55, Fallzahl Korn (s) 441;RMWHEA01;Raw Materials NIR R Cereals;11550;61063,
14;GK2506953;343686014002019016;Spectral;43686;102;Deutschland;Bayern;Greimersdorf;2024;2025;;;70;60;420;;Nr. 14, ProbenID Labor GK2506953, ProbenID AG 343686014002019016, Sorte Spectral, Sortiment 43686, Serie 102, Land  Deutschland, B-Land Bayern, Ort Greimersdorf, Ansaatjahr 2024, Erntejahr 2025, Sedimentationswert (ml) 70, Korn-Härte (--) 60, Fallzahl Korn (s) 420;RMWHEA01;Raw Materials NIR R Cereals;11550;61063,
15;GK2506954;343686015002019013;KWS Mintum;43686;102;Deutschland;Bayern;Greimersdorf;2024;2025;;;65;61;403;;Nr. 15, ProbenID Labor GK2506954, ProbenID AG 343686015002019013, Sorte KWS Mintum, Sortiment 43686, Serie 102, Land  Deutschland, B-Land Bayern, Ort Greimersdorf, Ansaatjahr 2024, Erntejahr 2025, Sedimentationswert (ml) 65, Korn-Härte (--) 61, Fallzahl Korn (s) 403;RMWHEA01;Raw Materials NIR R Cereals;11550;61063,
16;GK2506955;343686016002019010;Exsal;43686;102;Deutschland;Bayern;Greimersdorf;2024;2025;;;72;64;429;;Nr. 16, ProbenID Labor GK2506955, ProbenID AG 343686016002019010, Sorte Exsal, Sortiment 43686, Serie 102, Land  Deutschland, B-Land Bayern, Ort Greimersdorf, Ansaatjahr 2024, Erntejahr 2025, Sedimentationswert (ml) 72, Korn-Härte (--) 64, Fallzahl Korn (s) 429;RMWHEA01;Raw Materials NIR R Cereals;11550;61063,
17;GK2506956;343686017002019017;SU Shamal;43686;102;Deutschland;Bayern;Greimersdorf;2024;2025;;;56;63;460;;Nr. 17, ProbenID Labor GK2506956, ProbenID AG 343686017002019017, Sorte SU Shamal, Sortiment 43686, Serie 102, Land  Deutschland, B-Land Bayern, Ort Greimersdorf, Ansaatjahr 2024, Erntejahr 2025, Sedimentationswert (ml) 56, Korn-Härte (--) 63, Fallzahl Korn (s) 460;RMWHEA01;Raw Materials NIR R Cereals;11550;61063,
18;GK2506957;343686018002019014;RGT Kreuzer;43686;102;Deutschland;Bayern;Greimersdorf;2024;2025;;;68;56;448;;Nr. 18, ProbenID Labor GK2506957, ProbenID AG 343686018002019014, Sorte RGT Kreuzer, Sortiment 43686, Serie 102, Land  Deutschland, B-Land Bayern, Ort Greimersdorf, Ansaatjahr 2024, Erntejahr 2025, Sedimentationswert (ml) 68, Korn-Härte (--) 56, Fallzahl Korn (s) 448;RMWHEA01;Raw Materials NIR R Cereals;11550;61063,
19;GK2506958;343686019002019011;SU Tammo;43686;102;Deutschland;Bayern;Greimersdorf;2024;2025;;;65;62;425;;Nr. 19, ProbenID Labor GK2506958, ProbenID AG 343686019002019011, Sorte SU Tammo, Sortiment 43686, Serie 102, Land  Deutschland, B-Land Bayern, Ort Greimersdorf, Ansaatjahr 2024, Erntejahr 2025, Sedimentationswert (ml) 65, Korn-Härte (--) 62, Fallzahl Korn (s) 425;RMWHEA01;Raw Materials NIR R Cereals;11550;61063,
20;GK2506959;343686020002019017;SU Hybingo;43686;102;Deutschland;Bayern;Greimersdorf;2024;2025;;;66;61;387;;Nr. 20, ProbenID Labor GK2506959, ProbenID AG 343686020002019017, Sorte SU Hybingo, Sortiment 43686, Serie 102, Land  Deutschland, B-Land Bayern, Ort Greimersdorf, Ansaatjahr 2024, Erntejahr 2025, Sedimentationswert (ml) 66, Korn-Härte (--) 61, Fallzahl Korn (s) 387;RMWHEA01;Raw Materials NIR R Cereals;11550;61063,
21;GK2506960;343686021002019014;SU Magnetron;43686;102;Deutschland;Bayern;Greimersdorf;2024;2025;;;75;61;455;;Nr. 21, ProbenID Labor GK2506960, ProbenID AG 343686021002019014, Sorte SU Magnetron, Sortiment 43686, Serie 102, Land  Deutschland, B-Land Bayern, Ort Greimersdorf, Ansaatjahr 2024, Erntejahr 2025, Sedimentationswert (ml) 75, Korn-Härte (--) 61, Fallzahl Korn (s) 455;RMWHEA01;Raw Materials NIR R Cereals;11550;61063,
22;GK2506961;343686022002019011;Ambientus;43686;102;Deutschland;Bayern;Greimersdorf;2024;2025;;;72;59;448;;Nr. 22, ProbenID Labor GK2506961, ProbenID AG 343686022002019011, Sorte Ambientus, Sortiment 43686, Serie 102, Land  Deutschland, B-Land Bayern, Ort Greimersdorf, Ansaatjahr 2024, Erntejahr 2025, Sedimentationswert (ml) 72, Korn-Härte (--) 59, Fallzahl Korn (s) 448;RMWHEA01;Raw Materials NIR R Cereals;11550;61063,
23;GK2506962;343686023002019018;LG Kermit;43686;102;Deutschland;Bayern;Greimersdorf;2024;2025;;;66;61;439;;Nr. 23, ProbenID Labor GK2506962, ProbenID AG 343686023002019018, Sorte LG Kermit, Sortiment 43686, Serie 102, Land  Deutschland, B-Land Bayern, Ort Greimersdorf, Ansaatjahr 2024, Erntejahr 2025, Sedimentationswert (ml) 66, Korn-Härte (--) 61, Fallzahl Korn (s) 439;RMWHEA01;Raw Materials NIR R Cereals;11550;61063,
24;GK2506963;343686024002019015;WPB Devon;43686;102;Deutschland;Bayern;Greimersdorf;2024;2025;;;71;60;417;;Nr. 24, ProbenID Labor GK2506963, ProbenID AG 343686024002019015, Sorte WPB Devon, Sortiment 43686, Serie 102, Land  Deutschland, B-Land Bayern, Ort Greimersdorf, Ansaatjahr 2024, Erntejahr 2025, Sedimentationswert (ml) 71, Korn-Härte (--) 60, Fallzahl Korn (s) 417;RMWHEA01;Raw Materials NIR R Cereals;11550;61063,
25;GK2506964;343686025002019012;Willcox;43686;102;Deutschland;Bayern;Greimersdorf;2024;2025;;;63;57;417;;Nr. 25, ProbenID Labor GK2506964, ProbenID AG 343686025002019012, Sorte Willcox, Sortiment 43686, Serie 102, Land  Deutschland, B-Land Bayern, Ort Greimersdorf, Ansaatjahr 2024, Erntejahr 2025, Sedimentationswert (ml) 63, Korn-Härte (--) 57, Fallzahl Korn (s) 417;RMWHEA01;Raw Materials NIR R Cereals;11550;61063,
26;GK2506965;343686026002019019;NORD 06812;43686;102;Deutschland;Bayern;Greimersdorf;2024;2025;;;67;61;434;SU Marathon;Nr. 26, ProbenID Labor GK2506965, ProbenID AG 343686026002019019, Sorte NORD 06812, Sortiment 43686, Serie 102, Land  Deutschland, B-Land Bayern, Ort Greimersdorf, Ansaatjahr 2024, Erntejahr 2025, Sedimentationswert (ml) 67, Korn-Härte (--) 61, Fallzahl Korn (s) 434, Notiz SU Marathon;RMWHEA01;Raw Materials NIR R Cereals;11550;61063
27;GK2506966;343686027002019016;LOCH 06832;43686;102;Deutschland;Bayern;Greimersdorf;2024;2025;;;70;61;437;KWS Friese;Nr. 27, ProbenID Labor GK2506966, ProbenID AG 343686027002019016, Sorte LOCH 06832, Sortiment 43686, Serie 102, Land  Deutschland, B-Land Bayern, Ort Greimersdorf, Ansaatjahr 2024, Erntejahr 2025, Sedimentationswert (ml) 70, Korn-Härte (--) 61, Fallzahl Korn (s) 437, Notiz KWS Friese;RMWHEA01;Raw Materials NIR R Cereals;11550;61063
28;GK2506967;343686028002019013;ECK 06863;43686;102;Deutschland;Bayern;Greimersdorf;2024;2025;;;71;66;434;WPB Fulco;Nr. 28, ProbenID Labor GK2506967, ProbenID AG 343686028002019013, Sorte ECK 06863, Sortiment 43686, Serie 102, Land  Deutschland, B-Land Bayern, Ort Greimersdorf, Ansaatjahr 2024, Erntejahr 2025, Sedimentationswert (ml) 71, Korn-Härte (--) 66, Fallzahl Korn (s) 434, Notiz WPB Fulco;RMWHEA01;Raw Materials NIR R Cereals;11550;61063
29;GK2506968;343686029002019010;SECO 06872;43686;102;Deutschland;Bayern;Greimersdorf;2024;2025;;;72;59;494;Emmetro;Nr. 29, ProbenID Labor GK2506968, ProbenID AG 343686029002019010, Sorte SECO 06872, Sortiment 43686, Serie 102, Land  Deutschland, B-Land Bayern, Ort Greimersdorf, Ansaatjahr 2024, Erntejahr 2025, Sedimentationswert (ml) 72, Korn-Härte (--) 59, Fallzahl Korn (s) 494, Notiz Emmetro;RMWHEA01;Raw Materials NIR R Cereals;11550;61063
30;GK2506969;343686030002019016;SECO 06876;43686;102;Deutschland;Bayern;Greimersdorf;2024;2025;;;43;61;429;Kumpel;Nr. 30, ProbenID Labor GK2506969, ProbenID AG 343686030002019016, Sorte SECO 06876, Sortiment 43686, Serie 102, Land  Deutschland, B-Land Bayern, Ort Greimersdorf, Ansaatjahr 2024, Erntejahr 2025, Sedimentationswert (ml) 43, Korn-Härte (--) 61, Fallzahl Korn (s) 429, Notiz Kumpel;RMWHEA01;Raw Materials NIR R Cereals;11550;61063
31;GK2506970;343686031002019013;SECO 06881;43686;102;Deutschland;Bayern;Greimersdorf;2024;2025;;;68;63;437;Filius;Nr. 31, ProbenID Labor GK2506970, ProbenID AG 343686031002019013, Sorte SECO 06881, Sortiment 43686, Serie 102, Land  Deutschland, B-Land Bayern, Ort Greimersdorf, Ansaatjahr 2024, Erntejahr 2025, Sedimentationswert (ml) 68, Korn-Härte (--) 63, Fallzahl Korn (s) 437, Notiz Filius;RMWHEA01;Raw Materials NIR R Cereals;11550;61063
32;GK2506971;343686032002019010;DESP 06908;43686;102;Deutschland;Bayern;Greimersdorf;2024;2025;;;52;60;449;Intensity;Nr. 32, ProbenID Labor GK2506971, ProbenID AG 343686032002019010, Sorte DESP 06908, Sortiment 43686, Serie 102, Land  Deutschland, B-Land Bayern, Ort Greimersdorf, Ansaatjahr 2024, Erntejahr 2025, Sedimentationswert (ml) 52, Korn-Härte (--) 60, Fallzahl Korn (s) 449, Notiz Intensity;RMWHEA01;Raw Materials NIR R Cereals;11550;61063
